{
    "1": {
        "name": "臭豆腐"
    },
    "2": {
        "name": "牛肉面"
    },
    "3": {
        "name": "牛肉粉"
    },
    "4": {
        "name": "螺蛳粉"
    },
    "5": {
        "name": "肉夹馍"
    },
    "6": {
        "name": "韩式炸鸡"
    },
    "7": {
        "name": "火锅"
    },
    "8": {
        "name": "盖码饭"
    },
    "9": {
        "name": "新疆炒米粉"
    },
    "10": {
        "name": "嫩牛五方"
    },
    "11": {
        "name": "麻辣香锅"
    },
    "12": {
        "name": "油炸烧烤"
    },
    "13": {
        "name": "烤冷面"
    },
    "14": {
        "name": "汉堡薯条"
    },
    "15": {
        "name": "黄焖鸡"
    },
    "16": {
        "name": "韩式部队火锅"
    },
    "17": {
        "name": "台湾卤肉饭"
    },
    "18": {
        "name": "日式烧肉饭"
    },
    "19": {
        "name": "烤肉拌饭"
    },
    "20": {
        "name": "桥头排骨"
    },
    "21": {
        "name": "煎饺"
    },
    "22": {
        "name": "水饺"
    },
    "23": {
        "name": "蒸饺"
    },
    "24": {
        "name": "馄饨"
    },
    "25": {
        "name": "肉汁拌饭"
    },
    "26": {
        "name": "煎饼果子"
    },
    "27": {
        "name": "日式拉面"
    },
    "28": {
        "name": "浏阳蒸菜"
    },
    "29": {
        "name": "火锅鸡"
    },
    "30": {
        "name": "卤粉"
    },
    "31": {
        "name": "重庆小面"
    },
    "32": {
        "name": "蛋包饭"
    },
    "33": {
        "name": "杀猪粉"
    },
    "34": {
        "name": "水煮肉片"
    },
    "35": {
        "name": "辣椒炒肉"
    },
    "36": {
        "name": "麻辣烫"
    },
    "37": {
        "name": "酸菜鱼"
    },
    "38": {
        "name": "过桥米线"
    },
    "39": {
        "name": "烧腊饭"
    },
    "40": {
        "name": "炒饭"
    },
    "41": {
        "name": "炒粉"
    },
    "42": {
        "name": "咖喱饭"
    },
    "43": {
        "name": "锅盔"
    },
    "44": {
        "name": "阿炖"
    }
}